{
  "apiVersion": "1.0",
  "swaggerVersion": "1.2",
  "basePath": "https://salty-cove-15590.herokuapp.com",
  "apis": [
    {
      "path": "/api/v1/quotes.{format}",
      "description": "Quotes"
    },
    {
      "path": "/api/v1/health_categories.{format}",
      "description": "Health Categories"
    }
  ],
  "authorizations": null,
  "info": {
    "title": "FatQuote API Enpoints",
    "description": "Rails API documention with Swagger UI.",
    "termsOfServiceUrl": "http://locallifeagents.com/",
    "contact": "bcummins1@mac.com"
  }
}