{
  "apiVersion": "1.0",
  "swaggerVersion": "1.2",
  "basePath": "https://salty-cove-15590.herokuapp.com",
  "resourcePath": "health_categories",
  "apis": [
    {
      "path": "/api/v1/health_categories/{id}.json",
      "operations": [
        {
          "parameters": [
            {
              "paramType": "path",
              "name": "id",
              "type": "integer",
              "description": "Health Category Id",
              "required": true
            },
            {
              "paramType": "query",
              "name": "api_client_id",
              "type": "string",
              "description": "16 digit UUID client specific id.",
              "required": true,
              "defaultValue": "fc6cd7a4-2da9-418d-8740-86eff873b242"
            },
            {
              "paramType": "query",
              "name": "api_token",
              "type": "string",
              "description": "16 digit UUID client specific token generated when api client is created.",
              "required": true,
              "defaultValue": "d394acb7-a1dd-4282-a81e-ab4c3768ddd8"
            },
            {
              "paramType": "query",
              "name": "api_profile_id",
              "type": "string",
              "description": "16 digit UUID profile specific to tie together API clients from similar organizations",
              "required": true,
              "defaultValue": "6683d9f4-7fc1-4b35-9bba-8738a75c46df"
            }
          ],
          "summary": "Get Health Category Information",
          "notes": "Get the health category information for this record including the table rate and build chart.",
          "responseMessages": [
            {
              "code": 200,
              "responseModel": null,
              "message": "Ok"
            },
            {
              "code": 422,
              "responseModel": null,
              "message": "Unprocessable Entity"
            }
          ],
          "nickname": "Api::V1::HealthCategories#show",
          "method": "get"
        }
      ]
    }
  ],
  "authorizations": null
}