{
  "apiVersion": "1.0",
  "swaggerVersion": "1.2",
  "basePath": "https://salty-cove-15590.herokuapp.com",
  "resourcePath": "quotes",
  "apis": [
    {
      "path": "/api/v1/quotes.json",
      "operations": [
        {
          "parameters": [
            {
              "paramType": "query",
              "name": "api_client_id",
              "type": "string",
              "description": "16 digit UUID client specific id.",
              "required": true,
              "defaultValue": "fc6cd7a4-2da9-418d-8740-86eff873b242"
            },
            {
              "paramType": "query",
              "name": "api_token",
              "type": "string",
              "description": "16 digit UUID client specific token generated when api client is created.",
              "required": true,
              "defaultValue": "d394acb7-a1dd-4282-a81e-ab4c3768ddd8"
            },
            {
              "paramType": "query",
              "name": "api_profile_id",
              "type": "string",
              "description": "16 digits UUID profile specific to tie together API clients from similar organizations",
              "required": true,
              "defaultValue": "6683d9f4-7fc1-4b35-9bba-8738a75c46df"
            },
            {
              "paramType": "query",
              "name": "dob",
              "type": "string",
              "description": "Client date of birth. Format should follow YYYY-MM-DD",
              "required": true,
              "defaultValue": "1985-04-20"
            },
            {
              "paramType": "query",
              "name": "state_abbr",
              "type": "string",
              "description": "Client state of residence - Can be TX or Texas",
              "required": true,
              "defaultValue": "TX"
            },
            {
              "paramType": "query",
              "name": "health_category",
              "type": "string",
              "description": "Preferred Plus, Preferred, Standard Plus, Standard",
              "required": true,
              "defaultValue": "Preferred"
            },
            {
              "paramType": "query",
              "name": "tobacco",
              "type": "string",
              "description": "Tobacco Status - Yes or No",
              "required": true,
              "defaultValue": "No"
            },
            {
              "paramType": "query",
              "name": "product_type",
              "type": "string",
              "description": "Product Type - (Guaranteed Issue, 10 Year Term, 10 Year Simplified Issue",
              "required": true,
              "defaultValue": "10 Year Term"
            },
            {
              "paramType": "query",
              "name": "coverage_amount",
              "type": "string",
              "description": "Use whole integers. Must be between $1,000 and $99,999,999",
              "required": true,
              "defaultValue": "400000"
            },
            {
              "paramType": "query",
              "name": "gender",
              "type": "string",
              "description": "Client gender - use Male or Female",
              "required": true,
              "defaultValue": "Female"
            },
            {
              "paramType": "query",
              "name": "table_rating",
              "type": "string",
              "description": null,
              "required": false
            }
          ],
          "summary": "Run a quote",
          "notes": "Gets the base rate tables that match the given parametes and runs real-time calculations.",
          "responseMessages": [
            {
              "code": 200,
              "responseModel": null,
              "message": "Ok"
            },
            {
              "code": 422,
              "responseModel": null,
              "message": "Unprocessable Entity"
            }
          ],
          "nickname": "Api::V1::Quotes#create",
          "method": "post"
        }
      ]
    },
    {
      "path": "/api/v1/quotes/{id}.json",
      "operations": [
        {
          "parameters": [
            {
              "paramType": "path",
              "name": "id",
              "type": "integer",
              "description": "Quote ID",
              "required": true
            },
            {
              "paramType": "query",
              "name": "api_client_id",
              "type": "string",
              "description": "16 digit UUID client specific id.",
              "required": true,
              "defaultValue": "fc6cd7a4-2da9-418d-8740-86eff873b242"
            },
            {
              "paramType": "query",
              "name": "api_token",
              "type": "string",
              "description": "16 digit UUID client specific token generated when api client is created.",
              "required": true,
              "defaultValue": "d394acb7-a1dd-4282-a81e-ab4c3768ddd8"
            },
            {
              "paramType": "query",
              "name": "api_profile_id",
              "type": "string",
              "description": "16 digit UUID profile specific to tie together API clients from similar organizations",
              "required": true,
              "defaultValue": "6683d9f4-7fc1-4b35-9bba-8738a75c46df"
            }
          ],
          "nickname": "Api::V1::Quotes#show",
          "method": "get"
        }
      ]
    }
  ],
  "authorizations": null
}